{"count":1,"self":0.42939689999999997,"total":1.4422816999999999,"children":{"InitializeActuators":{"count":1,"self":0.0019874,"total":0.0019874,"children":null},"InitializeSensors":{"count":1,"self":0.011001799999999999,"total":0.011001799999999999,"children":null},"AgentSendState":{"count":2528,"self":0.0040037,"total":0.64651079999999994,"children":{"CollectObservations":{"count":508,"self":0.0009962,"total":0.0009962,"children":null},"WriteActionMask":{"count":508,"self":0.0005046,"total":0.0005046,"children":null},"RequestDecision":{"count":508,"self":0.0030009,"total":0.64100629999999992,"children":{"AgentInfo.ToProto":{"count":508,"self":0.0024998999999999998,"total":0.6380054,"children":{"GenerateSensorData":{"count":508,"self":0.0389526,"total":0.6355055,"children":{"CameraSensor.GetCompressedObservation":{"count":508,"self":0.59655289999999994,"total":0.59655289999999994,"children":null}}}}}}}}},"DecideAction":{"count":2528,"self":0.3483847,"total":0.3483847,"children":null},"AgentAct":{"count":2528,"self":0.0029996999999999997,"total":0.0029996999999999997,"children":null}},"gauges":{},"metadata":{"timer_format_version":"0.1.0","start_time_seconds":"1628677008","unity_version":"2020.3.10f1","command_line_arguments":"C:\\Users\\jaeyo\\Desktop\\all stuff\\Coding\\Python\\Ml-agent-and-gym-integration\\envs\/Ml-agent-with-gym.exe --mlagents-port 5005","communication_protocol_version":"1.5.0","com.unity.ml-agents_version":"2.1.0-exp.1","scene_name":"SampleScene","end_time_seconds":"1628677009"}}